model,rmse,r2
LinearRegression,8.181596850531218e-11,1.0
DecisionTree,344362.15503765526,0.0036858065705165366
