model,rmse,r2
LinearRegression,344736.98902389436,0.001515674548773882
DecisionTree,344915.43276381714,0.0004817304334557848
